{"cameraMode":{"drawMode":0,"name":"Shaded","section":"Shading Mode"},"sceneLighting":false,"audioPlay":false,"sceneViewState":{"showFog":true,"showMaterialUpdate":false,"showSkybox":true,"showFlares":true,"showImageEffects":true,"showParticleSystems":true},"in2DMode":false,"pivot":{"x":-2.108637809753418,"y":2.52347469329834,"z":-0.44278645515441897},"rotation":{"x":-0.1229294091463089,"y":-0.1565166562795639,"z":0.019630881026387216,"w":-0.9798110723495483},"size":2.8484835624694826,"orthographic":false}