{"cameraMode":{"drawMode":0,"name":"Shaded","section":"Shading Mode"},"sceneLighting":false,"audioPlay":false,"sceneViewState":{"showFog":true,"showMaterialUpdate":false,"showSkybox":true,"showFlares":true,"showImageEffects":true,"showParticleSystems":true},"in2DMode":false,"pivot":{"x":0.03456408157944679,"y":1.2312008142471314,"z":0.0283203125},"rotation":{"x":0.0006587139796465635,"y":0.9901394844055176,"z":0.14022931456565858,"w":-0.004467270337045193},"size":0.8137797713279724,"orthographic":false}